keyword,category
prime provider,Khác
lửa chiến,Khác
luu l,Khác
minio,Khác
dog,Động vật
true,Khác
fairy,Khác
hoi p,Khác
su tr,Khác
tái sinh báo thù,Phim ảnh
one p,Khác
sống,Khác
ca m,Khác
nắm giữ sinh mệnh,Phim ảnh
ve d,Khác
khie,Khác
khủng long,Động vật
lý tiểu long và tôi,Phim ảnh
pent,Khác
shoo,Khác
ve de,Khác
cuoc c,Khác
luoi,Khác
hau d,Khác
thu k,Khác
xe cấp cứu,Phương tiện
chu thu,Khác
fair,Khác
happi,Khác
hoa c,Khác
love,Khác
ma,Tâm linh
sex,Nhạy cảm
tìm mẹ,Chương trình truyền hình
f4,Giải trí
khmer,Văn hóa / Dân tộc
thu thac,Khác
atta,Khác
bang c,Khác
canh de,Khác
chuyen s,Khác
con n,Khác
co tay,Khác
giác quan thứ sáu,Chương trình truyền hình
hoán mệnh,Phim ảnh
linh hồn,Tâm linh
pig,Động vật
than,Khác
tây bắc,Địa lý
cho cuu,Khác
duy khánh,Người nổi tiếng
hentai,Nhạy cảm
hoi,Khác
khach,Khác
xi,Khác
attack,Khác
bat do,Khác
bác sĩ,Y khoa
báo thù,Khác
cam y,Khác
cuoc,Khác
cuộc chiến nội cung,Phim ảnh
dac a,Khác
luu ly,Khác
may h,Khác
mong hoa luc,Phim ảnh
mở,Khác
nguyen l,Khác
nhiet,Khác
phép màu,Khác
tai si,Khác
thien n,Khác
xã hội đen kiểu cũ cuối cùng (phần 2),Phim ảnh
yeu,Khác
yeu n,Khác
đại chiến kén rể,Chương trình truyền hình
fairy tail,Anime
hội pháp sư,Anime
naruto,Anime
doraemon,Anime
doremon,Anime
boruto,naruto the movie : Anime
lưỡi gươm diệt quỷ,Anime
kimetsu no yaiba,Anime
jujutsu kaisen,Anime
one punch man,Anime
dr. stone,Anime
dr. stone (season 2),Anime
chú thuật hồi chiến,Anime
thanh gươm diệt quỷ,Anime
conan,Anime
conan - thám tử lừng danh,Anime
attack on titan,Anime
attack on titan (season 4),Anime
attack on titan (final season),Anime
attack on titan part 1,Anime
attack on titan - shingeki no kyojin,Anime
đại chiến titan,Anime
đại chiến người khổng lồ,Anime
sakura - thủ lĩnh thẻ bài,Anime
cardcaptor sakura,Anime
thủ lĩnh thẻ bài,Anime
bleach,Anime
overlord,Anime
overlord ii,Anime
overlord iii,Anime
overlord iv,Anime
học viện anh hùng (phần 1),Anime
học viện anh hùng (phần 2),Anime
học viện anh hùng (phần 3),Anime
học viện anh hùng (phần 4),Anime
học viện anh hùng (phần 5),Anime
boku no hero academia (season 1),Anime
boku no hero academia (season 2),Anime
boku no hero academia (season 3),Anime
boku no hero academia (season 4),Anime
boku no hero academia (season 5),Anime
đao kiếm thần vực (phần 3),Anime
đao kiếm thần vực (phần 4),Anime
sword art online,alicization : Anime
sword a,Anime
hồi kí vanitas,Anime
tokyo ghoul,re : Anime
horimiya,Anime
hội pháp sư (phần cuối),Anime
one piece,phim : Anime
luffy,Anime
pokemon,Anime
kime,Anime
baki,Anime
chuyển sinh thành slime,Anime
saiki,Anime
boku,Anime
gintama,Anime
haikyuu,Anime
miền đất hứa,Anime
soma,Anime
vua bếp soma (phần 2),Anime
tokyo revengers,Anime
akame ga kill,Anime
gundam,Anime
saitama,Anime
titan,Anime
bungou stray dogs (season 3),Anime
chuyển sinh thành nhện,Anime
demon slayer,mugen train arc : Anime
orient,Anime
sự trỗi dậy của khiên hiệp sĩ,Anime
sự trỗi dậy của khiên hiệp sĩ (phần 2),Anime
black clover,Anime
fairy tail (season 2),Anime
ghibli,Anime
inuyasha,Anime
kakegurui,Anime
komi,Anime
totoro,Anime
vương giả thiên hạ,Anime
yugioh,Anime
liên minh công lý,phiên bản của zack snyder : Phim chiếu rạp / Siêu anh hùng
lucy,Phim chiếu rạp / Hành động
mẹ ma,Phim chiếu rạp / Kinh dị
thử thách thần chết,giữa hai thế giới : Phim chiếu rạp / Giả tưởng
biệt đội siêu anh hùng,Phim chiếu rạp / Siêu anh hùng
the avengers,Phim chiếu rạp / Siêu anh hùng
harry potter,Phim chiếu rạp / Giả tưởng
người nhện,không còn nhà : Phim chiếu rạp / Siêu anh hùng
nhanh và nguy hiểm 9,Phim chiếu rạp / Hành động
fast & furious,Phim chiếu rạp / Hành động
john wick,Phim chiếu rạp / Hành động
cậu bé mất tích,Phim truyền hình / Viễn tưởng (Stranger Things)
thiên nga đen,Phim chiếu rạp
cinderella,Phim chiếu rạp
the little mermaid,Phim chiếu rạp
king kong,Phim chiếu rạp
thế giới khủng long,Phim chiếu rạp
american wrestler,the wizard : Phim chiếu rạp
ma tốc độ,Phim chiếu rạp
top gun,Phim chiếu rạp
aquaman,Phim chiếu rạp / Siêu anh hùng
godzilla,Phim chiếu rạp
kẻ truyền thừa,Phim chiếu rạp
chàng hậu,Phim Hàn Quốc
yêu tinh,Phim Hàn Quốc
goblin,Phim Hàn Quốc
bắt ma phá án,Phim Hàn Quốc
cuộc chiến thượng lưu,Phim Hàn Quốc
penthouse,Phim Hàn Quốc
penthouse 2,Phim Hàn Quốc
penthouse 3,Phim Hàn Quốc
penthouse special episodes,Phim Hàn Quốc
bạn trai tôi là hồ ly,Phim Hàn Quốc
thiên nga bóng đêm,Phim Hàn Quốc
thiên nga bóng đêm - eve,Phim Hàn Quốc
eve,Phim Hàn Quốc
vẻ đẹp đích thực,Phim Hàn Quốc
true beauty,Phim Hàn Quốc
hậu duệ mặt trời,Phim Hàn Quốc
nữ thanh tra tài ba,Phim Hàn Quốc
cô nàng trong trắng oh woo ri,Phim Hàn Quốc
cô nàng trong trắng,Phim Hàn Quốc
why her?,Phim Hàn Quốc
hoa của quỷ,Phim Hàn Quốc
hoa du ký,Phim Hàn Quốc
tại sao lại là oh soo jae?,Phim Hàn Quốc
mặt trăng ôm mặt trời,Phim Hàn Quốc
ngôi sao khoai tây,Phim Hàn Quốc
người thầy y đức,Phim Hàn Quốc
bác sĩ ma,Phim Hàn Quốc
cổ tay áo màu đỏ,Phim Hàn Quốc
thư ký kim sao thế?,Phim Hàn Quốc
khách sạn ma quái,Phim Hàn Quốc
tiên nữ cử tạ kim bok joo,Phim Hàn Quốc
huyền thoại biển xanh,Phim Hàn Quốc
thanh xuân vật vã,Phim Hàn Quốc
anna,Phim Hàn Quốc
mr. queen,Phim Hàn Quốc
shooting stars,Phim Hàn Quốc
trở lại tuổi 18,Phim Hàn Quốc
cuộc sống thượng lưu,Phim Hàn Quốc
bác sĩ yo han,Phim Hàn Quốc
mouse,Phim Hàn Quốc
bất động sản trừ tà,Phim Hàn Quốc
con ruột con riêng,Phim Hàn Quốc
cô nàng xinh đẹp,Phim Hàn Quốc
taxi driver,Phim Hàn Quốc
bầu trời rực đỏ,Phim Hàn Quốc
cặp đôi trái ngược,Phim Hàn Quốc
happiness,Phim Hàn Quốc
những người thừa kế,Phim Hàn Quốc
thẩm phán ác ma,Phim Hàn Quốc
hạ cánh nơi anh,Phim Hàn Quốc
mây họa ánh trăng,Phim Hàn Quốc
đời sống ngục tù,Phim Hàn Quốc
học viện cảnh sát,Phim Hàn Quốc
reply 1988,Phim Hàn Quốc
again my life,Phim Hàn Quốc
công tố viên quân sự do bae man,Phim Hàn Quốc
hoàng hậu cuối cùng,Phim Hàn Quốc
hôn nhân không hẹn hò,Phim Hàn Quốc
mối tình đầu,Phim Hàn Quốc
thiên tài lang băm,Phim Hàn Quốc
vincenzo,Phim Hàn Quốc
yêu không kiểm soát,Phim Hàn Quốc
alice,Phim Hàn Quốc
chuyện tình bác sĩ,Phim Hàn Quốc
hai thế giới,Phim Hàn Quốc
hoàn hồn,Phim Hàn Quốc
kairos,Phim Hàn Quốc
ngôi sao tình yêu,Phim Hàn Quốc
pinochio,Phim Hàn Quốc
thế giới hôn nhân,Phim Hàn Quốc
voice,Phim Hàn Quốc
danh sách mua sắm của kẻ sát nhân,Phim Hàn Quốc
extraordinary you,Phim Hàn Quốc
gia đình là số 1 - phần 2,Phim Hàn Quốc
hơn cả tình bạn,Phim Hàn Quốc
khu vườn bí mật,Phim Hàn Quốc
tìm lại chính mình,Phim Hàn Quốc
vượt ra tội ác,Phim Hàn Quốc
xin đừng gặp anh ấy,Phim Hàn Quốc
điên thì có sao,Phim Hàn Quốc
đẳng cấp thượng lưu,Phim Hàn Quốc
vô tình nhặt được tổng tài,Phim Trung Quốc
lấy danh nghĩa người nhà,Phim Trung Quốc
cảnh đẹp ngày vui biết bao giờ,Phim Trung Quốc
lưu ly mỹ nhân sát,Phim Trung Quốc
thanh thanh tử khâm,Phim Trung Quốc
nhất kiến khuynh tâm,Phim Trung Quốc
cá mực hầm mật,Phim Trung Quốc
em là thành trì doanh lũy của anh,Phim Trung Quốc
kết hôn rồi bắt đầu yêu,Phim Trung Quốc
em đẹp nhất là khi mỉm cười,Phim Trung Quốc
hậu cung như ý truyện,Phim Trung Quốc
như ý truyện,Phim Trung Quốc
yêu em từ cái nhìn đầu tiên,Phim Trung Quốc
mị nguyệt truyện,Phim Trung Quốc
vân tịch truyện,Phim Trung Quốc
minh lan truyện,Phim Trung Quốc
nỗi vương vấn của hạ tiên sinh,Phim Trung Quốc
nhất dạ tân nương,Phim Trung Quốc
nhất dạ tân nương 2,Phim Trung Quốc
lê hấp đường phèn,Phim Trung Quốc
tiểu nương tử nhà tướng quân,Phim Trung Quốc
hương mật tựa khói sương,Phim Trung Quốc
pháp y tần minh,người đọc tâm : Phim Trung Quốc
tây du ký,Phim Trung Quốc
tư đằng,Phim Trung Quốc
diên hy công lược,Phim Trung Quốc
khi màn đêm gợn sóng,Phim Trung Quốc
bạch phát vương phi,Phim Trung Quốc
quý ông hoàn hảo và cô nàng tạm được,Phim Trung Quốc
10 năm 3 tháng 30 ngày,Phim Trung Quốc
giữa thanh xuân,Phim Trung Quốc
ly nhân tâm thượng,Phim Trung Quốc
"làm sao, boss lại làm sao nữa?",Phim Trung Quốc
hoa gian tân nương,Phim Trung Quốc
lạp tội đồ giám,Phim Trung Quốc
phù dao hoàng hậu,Phim Trung Quốc
bên nhau trọn đời,Phim Trung Quốc
gửi thời thanh xuân ngây thơ tươi đẹp,Phim Trung Quốc
học viện quân sự liệt hỏa,Phim Trung Quốc
sam sam đến rồi,Phim Trung Quốc
thanh lạc,Phim Trung Quốc
tình yêu từ 0 đến 1,Phim Trung Quốc
võ mỵ nương truyền kỳ,Phim Trung Quốc
đông cung,Phim Trung Quốc
đại đường minh nguyệt,Phim Trung Quốc
đẹp trai là số một,Phim Trung Quốc
"anh không thích thế giới này, anh chỉ thích em",Phim Trung Quốc
cùng em bay lượn theo gió,Phim Trung Quốc
võ tắc thiên,Phim Trung Quốc
30 chưa phải là hết,Phim Trung Quốc
cùng em đi đến tận cùng thế giới,Phim Trung Quốc
hàng xóm của tôi không chịu lớn,Phim Trung Quốc
hạnh phúc đến vạn gia,Phim Trung Quốc
người đàm phán,Phim Trung Quốc
thính tuyết lâu,Phim Trung Quốc
yêu từng centimet,Phim Trung Quốc
chiêu diêu,Phim Trung Quốc
cẩm y chi hạ,Phim Trung Quốc
hoa thiên cốt,Phim Trung Quốc
mùa hè của hồ ly,Phim Trung Quốc
nữ nhi nhà họ kiều,Phim Trung Quốc
tôi độc thân dựa vào thực lực,Phim Trung Quốc
cả thế giới đều không bằng em,Phim Trung Quốc
sơn trại tiểu manh chủ,Phim Trung Quốc
thiên cổ quyết trần,Phim Trung Quốc
tinh hà xán lạn,Phim Trung Quốc
bên a sống ở cạnh nhà tôi,Phim Trung Quốc
chúng ta không biết yêu,Phim Trung Quốc
chị đã thành công thu hút sự chú ý của tôi,Phim Trung Quốc
hạnh phúc trong tầm tay,Phim Trung Quốc
kim tịch hà tịch,Phim Trung Quốc
nếu em bình an đó mới là ngày đẹp trời,Phim Trung Quốc
quân sư liên minh,Phim Trung Quốc
sửu phi giá đáo,Phim Trung Quốc
tam thiên nha sát,Phim Trung Quốc
trần tình lệnh,Phim Trung Quốc
con tim sắt đá,Phim Thái Lan
yêu nhầm chị dâu,Phim Thái Lan
minh châu rực rỡ,Phim Thái Lan
cô nàng đầu bếp của tôi,Phim Thái Lan
yêu thầm anh xã,Phim Thái Lan
cô vợ bắt buộc,Phim Thái Lan
miễn bầu trời còn có mặt trời,Phim Thái Lan
thâm kế độc tình,Phim Thái Lan
lời nguyền ma lai,Phim Thái Lan
"nabi, tôi sẽ không yêu em",Phim Thái Lan
phim thái lan,Phim Thái Lan
46 ngày san bằng đám cưới,Phim Thái Lan
dục vọng tình yêu,Phim Thái Lan
mắt xích hận thù,Phim Thái Lan
bão cát,Phim Thái Lan
chiêu trò lừa gạt,Phim Thái Lan
những chàng trai tham vọng,Phim Thái Lan
thước vải ma mị,Phim Thái Lan
bằng chứng thép,Phim Hồng Kông
bằng chứng thép 3,Phim Hồng Kông
hồ sơ trinh sát,Phim Hồng Kông
hồng kông kỳ án,Phim Hồng Kông
định mệnh anh yêu em,Phim Đài Loan
em là định mệnh của anh,Phim Đài Loan
bao thanh thiên,Phim Đài Loan
tôi thấy hoa vàng trên cỏ xanh,Phim Việt Nam
thương ngày nắng về,Phim Việt Nam
tuyển tập,phim ngắn việt nam : Phim Việt Nam
"taxi, em tên gì?",Phim Việt Nam
tấm cám,chuyện chưa kể : Phim Việt Nam
cảnh sát hình sự,Phim Việt Nam
maika,Phim Việt Nam
mối tình đầu của tôi,Phim Việt Nam
siêu nhân,Phim hoạt hình
kẻ trộm mặt trăng,minions : Phim hoạt hình
minions,Phim hoạt hình
minion,Phim hoạt hình
paw patrol,Phim hoạt hình
nàng bạch tuyết và bảy chú lùn,Phim hoạt hình
heo peppa,Phim hoạt hình
na tra,ma đồng giáng thế : Phim hoạt hình
phàm nhân tu tiên,Phim hoạt hình 3D Trung Quốc
phàm nhân tu tiên (phần 3),Phim hoạt hình 3D Trung Quốc
người đẹp tóc mây,Phim hoạt hình
ấu trùng tinh nghịch,Phim hoạt hình
cô bé masha và chú gấu xiếc,Phim hoạt hình
nhím sonic 2,Phim hoạt hình
nhật ký thường ngày của tiên vương,Phim hoạt hình 3D Trung Quốc
oggy,Phim hoạt hình
thiếu niên ninja rùa đột biến,Phim hoạt hình
phim lego 2,Phim hoạt hình
tom and jerry tales,Phim hoạt hình
despicable me,Phim hoạt hình
kẻ cắp mặt trăng,Phim hoạt hình
frozen,Phim hoạt hình
thử thách thần tượng,Chương trình truyền hình
running man,Chương trình truyền hình
thử thách thần tượng - running man,Chương trình truyền hình
bạn muốn hẹn hò,Chương trình truyền hình
đấu trường âm nhạc,Chương trình truyền hình
người ấy là ai,Chương trình truyền hình
queendom,Chương trình Hàn Quốc
be mbitious,Chương trình Hàn Quốc
street man fighter,Chương trình Hàn Quốc
keep running,Chương trình Trung Quốc
thách thức danh hài,Chương trình truyền hình
produce,Chương trình Hàn Quốc
bolero,Âm nhạc
trữ tình,Âm nhạc
một con vịt,Âm nhạc thiếu nhi
baby shark,Âm nhạc thiếu nhi
ca nhạc,Âm nhạc
bống bống bang bang,Âm nhạc thiếu nhi
liên khúc bolero,Âm nhạc
con cào cào,Âm nhạc thiếu nhi
con heo đất,Âm nhạc thiếu nhi
karaoke,Âm nhạc
chú vịt con,Âm nhạc thiếu nhi
bảo yến,Âm nhạc
ca cổ,Âm nhạc
chú ếch con,Âm nhạc thiếu nhi
liên khúc nhạc vàng,Âm nhạc
phi nhung,Âm nhạc
sến,Âm nhạc
cháu yêu bà,Âm nhạc thiếu nhi
liên khúc,Âm nhạc
mở cải lương,Âm nhạc
thiếu nhi,Tìm kiếm chung
tìm kiếm bằng giọng nói,Tìm kiếm chung / Chức năng
thế giới động vật,Tìm kiếm chung / Tài liệu
kênh vtv1,Kênh truyền hình
vtv1,Kênh truyền hình
kênh vtv6,Kênh truyền hình
vtv6,Kênh truyền hình
vtv3,Kênh truyền hình
youtube,Nền tảng
thời sự,Tìm kiếm chung / Tin tức
toán lớp 2 (chương trình cũ),Tìm kiếm chung / Học tập
châu tinh trì phủ nhận yêu người đẹp kém 42 tuổi,Tìm kiếm chung / Tin tức giải trí
truyện cổ tích việt nam (phần 1),Tìm kiếm chung
phim kinh dị,Thể loại phim
phim hành động,Thể loại phim
bộ phim về hiphop,Thể loại phim
hài hoài linh,Tìm kiếm chung
phim trường ma,Thể loại phim
